F1,F2,F3,F4
12.73344081,12.73315755,12.73341965,12.73315729
-4.747955905,-4.747332541,-4.745617696,-4.747507999
-0.894425209,-0.832347371,-0.897407153,-0.915586472
0.145408441,-0.028073441,0.218853713,0.018220112
2.874008753,2.881959948,2.852039853,2.870049996
-2.791708629,-2.693054414,-2.954582226,-2.806948262
-3.494984872,-3.588920808,-3.507423169,-3.540026767
12.7330341,12.73315676,12.73336196,12.73339381
-4.74671622,-4.746901595,-4.74759531,-4.747025165
-0.891358679,-0.870889104,-0.86608258,-0.832633465
0.295556456,0.063190012,-0.051676658,0.039123943
2.859772849,2.855294756,2.864946789,2.870918804
-2.824719299,-2.80937399,-2.7052221,-2.846806944
-3.53279224,-3.589126723,-3.519549662,-3.478599929
12.73305152,12.73328014,12.73345171,12.73345491
-4.747228332,-4.74763406,-4.747502328,-4.746641177
-0.866815906,-0.888502576,-0.887274593,-0.852131737
0.054960959,-0.058273956,-0.014616697,-0.005350418
2.856544481,2.883832256,2.864268177,2.861094877
-2.786636263,-2.607262157,-2.790637482,-2.734479579
-3.554685736,-3.441513848,-3.525791593,-3.491439561
12.73307995,12.73332451,12.73328156,12.73359981
-4.746610138,-4.746746592,-4.746572406,-4.748403877
-0.867801932,-0.835722682,-0.896624142,-0.946021203
0.002023109,-0.041430041,0.02839773,0.04121235
2.871692572,2.880552978,2.86651189,2.894277627
-2.983510706,-2.810090612,-2.644228518,-2.710360019
-3.425351295,-3.535013084,-3.519300752,-3.583658087
12.73319014,12.73331412,12.73327893,12.73324418
-4.746994299,-4.749222851,-4.746701927,-4.747799568
-0.923290953,-0.89689462,-0.898100655,-0.897323291
0.109787741,-0.018055389,0.009292859,-0.241138079
2.860214317,2.891397451,2.87578617,2.878327783
-2.870237442,-2.570076069,-2.726147562,-2.695079866
-3.434566086,-3.503050044,-3.496189468,-3.572285037
12.73310942,12.73368501,12.73341842,12.73324469
-4.747386244,-4.748061202,-4.748201262,-4.748360521
-0.901080491,-0.880072553,-0.918368295,-0.875784996
-0.139726247,0.087038843,0.054671084,0.16908504
2.884093128,2.870491342,2.867190127,2.871931618
-2.726574691,-2.768972442,-2.698938441,-2.874105203
-3.508793835,-3.338288957,-3.53849321,-3.48111081
12.73347706,12.7333205,12.73348449,12.73324679
-4.747107036,-4.74781718,-4.748239787,-4.747390963
-0.867031331,-0.925492571,-0.884201929,-0.850211649
0.135275857,-0.024987483,0.006006744,0.070989961
2.860934045,2.877283624,2.85807279,2.892880006
-2.850767905,-2.746934616,-2.68775303,-2.695572393
-3.509372571,-3.532400962,-3.535330223,-3.712439013
12.73322284,12.73360576,12.73343243,12.73345171
-4.748317658,-4.747448133,-4.746617359,-4.746903133
-0.887258258,-0.843210625,-0.898016571,-0.846829883
0.090143631,0.202869125,0.059851587,-0.014444991
2.867939297,2.859078588,2.86068924,2.879015955
-2.669267375,-2.740282393,-2.849945303,-2.657194596
-3.51185099,-3.435625429,-3.442961797,-3.601407522
12.73341141,12.73351276,12.73312788,12.7330672
-4.747312814,-4.747625418,-4.748024938,-4.7483755
-0.857303693,-0.895490207,-0.891570196,-0.885162999
-0.051439928,0.032319572,0.117959178,0.217145454
2.841863442,2.872073128,2.875605182,2.874048424
-2.73658337,-2.916656046,-2.634370591,-2.591308662
-3.43267801,-3.45554864,-3.566017603,-3.521019555
12.73330993,12.73297465,12.73314129,12.73345981
-4.747927642,-4.748553382,-4.747272002,-4.747416715
-0.878730512,-0.900193717,-0.84139477,-0.82888843
0.104943615,0.012418388,-0.003514601,0.056932535
2.876483874,2.865925703,2.862428765,2.865986138
-2.66789572,-2.718909751,-2.667245172,-2.64996493
-3.521607837,-3.548477155,-3.477918156,-3.573888197
12.73307038,12.73329206,12.73371798,12.73333207
-4.746791769,-4.748006717,-4.747698346,-4.746645801
-0.846893974,-0.928859327,-0.851590397,-0.842506389
0.027846489,0.068247896,-0.07341325,0.223234237
2.860098844,2.869033459,2.870917476,2.873468838
-2.754207359,-2.706469059,-2.779324376,-2.666060138
-3.518203281,-3.453938451,-3.492954177,-3.382259195
12.73340202,12.73335937,12.73355754,12.73347541
-4.746723426,-4.746724031,-4.74699194,-4.747308568
-0.89343152,-0.882478944,-0.907285185,-0.830084138
0.051956879,0.010482447,-0.1656855,0.001472102
2.882184145,2.865817882,2.860491553,2.889064927
-2.799237079,-2.696675724,-2.944938977,-2.819479842
-3.46910513,-3.606939972,-3.529873973,-3.547964746
12.73328534,12.73341848,12.73329446,12.7334319
-4.747404936,-4.747826415,-4.747495086,-4.747117225
-0.879610328,-0.889132477,-0.852681723,-0.838728731
0.125744771,0.138677992,0.053503147,0.079679956
2.849439055,2.867499288,2.86907496,2.877964925
-2.77048991,-2.664507839,-2.869037383,-2.640604322
-3.480878009,-3.464135577,-3.48599797,-3.544969487
12.73317801,12.73344484,12.73339634,12.73335045
-4.748026585,-4.746924816,-4.747518491,-4.747542084
-0.881051489,-0.891819174,-0.906081262,-0.851823738
0.124777153,0.099321575,-0.024699837,-0.03550188
2.862976289,2.867821094,2.870361889,2.849758127
-2.731629861,-2.718490963,-2.675535973,-2.724947151
-3.567986472,-3.503186622,-3.531658795,-3.546040948
12.73344065,12.73346424,12.73338424,12.73339879
-4.746764177,-4.746733903,-4.747926186,-4.747943034
-0.843829373,-0.898576368,-0.90851296,-0.87965345
0.193780384,0.188653543,-0.040737023,-0.087797959
2.857519035,2.864877782,2.874087534,2.868337358
-2.755016261,-2.693446611,-2.841309439,-2.813686629
-3.442088378,-3.437964683,-3.5119045,-3.550517785
12.7334382,12.73348639,12.73335487,12.73318677
-4.747076524,-4.746904148,-4.746791492,-4.746358119
-0.891326183,-0.894847159,-0.871067731,-0.867421084
-0.071905176,0.076911206,-0.070788377,0.162392232
2.861517672,2.867062998,2.870385565,2.859853685
-2.793884938,-2.696779576,-2.715051519,-2.840715695
-3.517055334,-3.490381563,-3.502867373,-3.517221605
12.73323302,12.73338185,12.73336526,12.73336765
-4.74737722,-4.74674589,-4.748467874,-4.747895179
-0.90712556,-0.854578907,-0.843991442,-0.89814691
-0.124802718,0.006241251,0.002685604,-0.017313491
2.863179737,2.854088358,2.869193591,2.850604996
-2.705272869,-2.908409792,-2.832327622,-2.638073371
-3.488554899,-3.597171545,-3.47554863,-3.492500962
12.73363636,12.73324118,12.73347207,12.73330248
-4.748216164,-4.747016349,-4.747316136,-4.748126943
-0.886767572,-0.893867971,-0.872442891,-0.889996929
0.2325286,0.17050725,0.08223537,0.032565669
2.846130954,2.852677987,2.865636211,2.888687456
-2.72357529,-2.748434598,-2.833844841,-2.607192598
-3.477009701,-3.532023723,-3.502043892,-3.443860676
12.73324426,12.7335476,12.73358596,12.73313623
-4.748308351,-4.747412257,-4.747851278,-4.747695559
-0.888618308,-0.85431175,-0.892726096,-0.865639999
0.037934186,0.021855925,-0.041010983,0.03601203
2.872060926,2.872916721,2.865425161,2.875857216
-2.869194538,-2.7802918,-2.740628958,-2.924252841
-3.404751899,-3.484397609,-3.446931159,-3.5137193
12.73346025,12.73354976,12.73315561,12.73324411
-4.747681028,-4.747864776,-4.748763607,-4.746768779
-0.914059718,-0.852054423,-0.910637941,-0.890986389
0.111621809,0.162450619,-0.050973896,-0.029443676
2.863284345,2.881252829,2.867551106,2.868159338
-2.850370848,-2.777992409,-2.821865727,-2.763183985
-3.424914907,-3.537087853,-3.54940928,-3.571948807
12.733681,12.73324262,12.7333381,12.73331189
-4.74779309,-4.746676794,-4.747353837,-4.747585507
-0.857483705,-0.868612161,-0.882277602,-0.924407682
0.174529164,0.158887987,-0.072297234,0.186853345
2.858973304,2.85651085,2.862456992,2.865799967
-2.798265083,-2.925506607,-2.81898403,-2.889131882
-3.403066878,-3.455072113,-3.571273947,-3.51483222
12.73323086,12.73322402,12.73334615,12.73338964
-4.747405464,-4.747711641,-4.747552035,-4.747205236
-0.898536505,-0.882107569,-0.9332721,-0.909870081
0.057885728,0.220708597,0.105794873,0.017685114
2.866545388,2.86622443,2.881678996,2.873073616
-2.79671794,-2.996667662,-2.730566824,-2.852164841
-3.441628884,-3.531014049,-3.49125045,-3.521738644
12.73304509,12.73319221,12.73329271,12.73338624
-4.747724659,-4.747506208,-4.747643271,-4.747593883
-0.846035835,-0.868977618,-0.934104378,-0.89405732
-0.02423842,-0.063421796,0.010310717,0.099576685
2.885709063,2.870476609,2.85632538,2.866998562
-2.772811987,-2.770811189,-2.726119452,-2.916638616
-3.359370772,-3.500390815,-3.506972483,-3.593849339
12.7331804,12.73359638,12.73343529,12.73320151
-4.748027745,-4.74630969,-4.748288136,-4.74745613
-0.891537259,-0.844178499,-0.905948026,-0.880405246
0.129363452,0.170949646,0.05622487,0.168818078
2.86509736,2.868314623,2.892803951,2.870789344
-2.739280526,-2.623054677,-2.81020353,-2.812548042
-3.527206783,-3.528938026,-3.624332914,-3.521788212
12.73324891,12.73351734,12.73371351,12.73334972
-4.747297251,-4.747566821,-4.747957892,-4.747328814
-0.867175774,-0.908638127,-0.888825297,-0.892376907
0.182424902,0.034670285,0.085837655,-0.034088624
2.890022635,2.871617983,2.869725899,2.87159211
-2.71876153,-2.619229179,-2.787550324,-2.608978207
-3.494735362,-3.515681291,-3.498250576,-3.537574507
12.73343918,12.73311794,12.73339084,12.73320072
-4.746537031,-4.747534657,-4.747421861,-4.747047156
-0.910140911,-0.839224083,-0.876447141,-0.834293227
0.098400174,-0.036585006,0.024767463,0.136545753
2.858627384,2.865434384,2.862080529,2.885340535
-2.765966865,-2.784597004,-2.694389588,-2.713628203
-3.553106315,-3.621717012,-3.406119101,-3.538931814
12.73343809,12.73340841,12.73321717,12.7329906
-4.748403677,-4.746337696,-4.748084563,-4.74673273
-0.853442917,-0.892730453,-0.905654213,-0.843346879
0.212845863,0.137404106,0.017358389,0.002830903
2.878996444,2.85433184,2.86425146,2.866205549
-2.677550309,-2.862517201,-2.645659448,-2.729792993
-3.535847077,-3.455518927,-3.559317786,-3.563986058
12.73338739,12.73325322,12.73355749,12.7332791
-4.748579284,-4.747558137,-4.747218051,-4.747984465
-0.932209054,-0.870118102,-0.885867004,-0.882921955
0.212492078,-0.015302042,0.016019558,-0.009074425
2.868167214,2.881723352,2.872922688,2.882285724
-2.793168443,-2.778270844,-2.771929015,-2.890746958
-3.494429755,-3.431996097,-3.662607489,-3.569825492
12.73354016,12.73351557,12.73332825,12.73313834
-4.748244521,-4.74786682,-4.74821426,-4.748365998
-0.879332829,-0.875277453,-0.860725111,-0.892703885
0.156931707,-0.022390194,0.207357088,0.086119743
2.840696448,2.871356571,2.882836637,2.861400814
-2.680134411,-2.687196947,-2.63300208,-2.886805831
-3.476721704,-3.47090232,-3.48805083,-3.447577449
12.73357123,12.73322258,12.73336199,12.73315855
-4.747355,-4.747285714,-4.747650704,-4.747995617
-0.914745346,-0.906693723,-0.921432788,-0.919155471
-0.033205537,0.179449827,-0.075041293,0.188842019
2.883406124,2.864117018,2.887599953,2.876935267
-2.749736698,-2.775864662,-2.845656476,-2.828360556
-3.402109706,-3.518604746,-3.459327574,-3.436036577
12.73308197,12.73325815,12.73313888,12.73363372
-4.747912064,-4.748395111,-4.747070056,-4.7483105
-0.852798325,-0.888077494,-0.9020836,-0.934642453
0.035722583,0.018888316,0.045780563,-0.048777321
2.89870142,2.860426567,2.86189815,2.858555953
-2.780970242,-2.926052373,-2.900630095,-2.863368948
-3.534764622,-3.493254139,-3.481558826,-3.648066068
12.7336001,12.73342792,12.73315497,12.73353349
-4.746827904,-4.747534171,-4.747402072,-4.747750452
-0.86812038,-0.842868054,-0.889418579,-0.897776191
-0.007567525,-0.01154518,0.032897003,0.211542033
2.874619234,2.893469121,2.877492517,2.866283191
-2.701652816,-2.769660479,-2.763201869,-2.672707629
-3.593708514,-3.432553536,-3.497715775,-3.475897889
12.733221,12.73344959,12.73331674,12.73341192
-4.747872556,-4.74749664,-4.747617098,-4.748455394
-0.920607606,-0.880591135,-0.874908457,-0.915107711
0.18047934,0.065606948,0.084636125,0.20293113
2.855284138,2.881801937,2.866459906,2.844934497
-2.829736341,-2.595010342,-2.674190277,-2.685668814
-3.476596852,-3.576558163,-3.49723264,-3.503367676
12.73346989,12.73352563,12.73311262,12.73338458
-4.748038856,-4.748355797,-4.747198618,-4.74847794
-0.882961089,-0.855080658,-0.893671602,-0.852033808
0.204514809,0.12428695,0.20570314,0.133848002
2.865563371,2.869224061,2.870648797,2.870462464
-2.868763501,-2.916657819,-2.892849538,-2.91398585
-3.421053577,-3.605788165,-3.55471455,-3.481841172
12.73338737,12.73359671,12.73339025,12.73317268
-4.747017321,-4.746943604,-4.747846088,-4.748012965
-0.878157463,-0.894803907,-0.842960848,-0.879792395
-0.048021591,0.006864127,-0.015217378,-0.192523062
2.883893584,2.875639726,2.871165802,2.862792448
-2.625673115,-2.83215437,-2.681884509,-3.005399187
-3.523954099,-3.448398686,-3.492815699,-3.472148268
12.73327422,12.73357723,12.73357011,12.73318871
-4.748153756,-4.749064488,-4.748563775,-4.747766737
-0.860925089,-0.905044565,-0.879180588,-0.889733376
0.065557868,0.09853119,0.099827742,0.298119133
2.86399924,2.870887896,2.871521758,2.880917851
-2.926073338,-2.960543415,-2.94494542,-2.828181927
-3.438938304,-3.465173103,-3.498486578,-3.52785794
12.73332996,12.73308501,12.73317453,12.73366311
-4.747451329,-4.747537846,-4.748428348,-4.746391075
-0.891295494,-0.916379986,-0.855981486,-0.894291084
-0.113616925,0.233795584,0.075248054,0.029750487
2.870855455,2.865959054,2.85283104,2.863098915
-2.6587322,-2.72727069,-2.698783569,-2.897737518
-3.543251478,-3.55159717,-3.465702315,-3.446493262
12.73350383,12.73332013,12.73364322,12.73300915
-4.747300137,-4.747917671,-4.747546563,-4.747936599
-0.867800215,-0.905066263,-0.905226561,-0.863850134
0.004987202,0.063982771,0.045832793,0.19055652
2.86892813,2.858722893,2.857533218,2.873451858
-2.705720413,-2.788769843,-2.694051679,-2.74847015
-3.43957387,-3.434387931,-3.489647312,-3.424819083
12.73336853,12.73361479,12.73314769,12.73348945
-4.747620733,-4.746733657,-4.74717241,-4.748741544
-0.849862565,-0.837464868,-0.914524171,-0.871719506
0.098771077,-0.024493298,0.092936748,-0.005892382
2.863284217,2.890034842,2.880774487,2.863732659
-2.937163119,-2.746282798,-2.791239315,-2.668702508
-3.545836549,-3.48253093,-3.442382274,-3.444345032
12.73332081,12.73326683,12.73290924,12.73354495
-4.748742061,-4.748172328,-4.747642194,-4.747728694
-0.853838191,-0.902175433,-0.882084699,-0.872572832
0.021797895,0.133719693,0.274869875,-0.070682665
2.879482669,2.862023888,2.88292021,2.867201097
-2.718514141,-2.648033167,-2.570326259,-2.700067563
-3.515749585,-3.546410299,-3.477033742,-3.573232587
12.73355056,12.73330134,12.73337848,12.73348512
-4.747581094,-4.747855325,-4.747906018,-4.748293001
-0.893440595,-0.871605142,-0.880512267,-0.894375946
-0.059284501,0.081955778,0.190800688,0.002615957
2.850995044,2.878641502,2.868063961,2.86086644
-2.830473262,-2.593625275,-2.936408397,-2.528047447
-3.533008256,-3.520877401,-3.532218936,-3.488551295
12.73339831,12.73348781,12.7335969,12.73301888
-4.748257837,-4.746911476,-4.74743247,-4.747984619
-0.891640748,-0.914000916,-0.889099155,-0.855487227
-0.016226159,0.11330281,0.232193649,-0.066202786
2.875015904,2.864578337,2.878495511,2.861115754
-2.622080854,-2.904712275,-2.763401885,-2.815322497
-3.475797053,-3.581505173,-3.543821633,-3.525105165
12.73318059,12.73312642,12.73324223,12.73334206
-4.748730901,-4.747121019,-4.747741179,-4.747152637
-0.885717343,-0.880237049,-0.933888949,-0.866361042
-0.148035352,0.136087326,0.000439913,-0.022021855
2.865070167,2.867175927,2.866532797,2.871916106
-2.912181512,-2.759156952,-2.859691544,-2.739820847
-3.563647745,-3.424779768,-3.468526558,-3.530549789
12.73321871,12.73352554,12.73334223,12.73337549
-4.747357313,-4.747714998,-4.748075952,-4.747255676
-0.875061143,-0.891081052,-0.843992032,-0.898171323
0.131574604,0.20525639,0.17228415,0.104705029
2.875622609,2.852587919,2.889804405,2.864208956
-2.779587194,-2.694863089,-2.732651709,-2.750923559
-3.464454929,-3.498778576,-3.557187412,-3.549845961
12.73358295,12.7335185,12.73380684,12.73352348
-4.747266013,-4.747806305,-4.747694049,-4.747870707
-0.895060523,-0.869789424,-0.910041347,-0.907598497
-0.017419514,-0.019396437,-0.014312366,0.09456308
2.857016561,2.873370328,2.868680877,2.876380961
-2.754982471,-2.653299403,-2.699905234,-2.788328459
-3.490512755,-3.513226068,-3.496122598,-3.454615702
12.73322957,12.73336983,12.73334787,12.73355306
-4.748141277,-4.747686838,-4.747570221,-4.747304501
-0.883993363,-0.900284904,-0.903988045,-0.901593403
0.174343491,0.145386512,0.069989978,0.139509956
2.874623664,2.867415438,2.896948389,2.859116765
-2.549912674,-2.773615475,-2.826043817,-2.817164585
-3.495505868,-3.444696488,-3.551599624,-3.452071557
12.73357149,12.73343325,12.73310865,12.7334075
-4.74778617,-4.747898421,-4.748057494,-4.747595837
-0.857762359,-0.877961465,-0.900150997,-0.891861697
0.047102615,-0.005345103,0.091106784,0.085255369
2.857307673,2.863756609,2.88021279,2.852631521
-2.614993338,-2.823383716,-2.606298154,-2.834458531
-3.521289684,-3.51985398,-3.501535239,-3.512991427
12.73335746,12.73325525,12.73340833,12.733218
-4.747661029,-4.748104527,-4.747084194,-4.747520483
-0.845345972,-0.891061259,-0.900079028,-0.853492793
-0.025647845,0.125178963,0.135295476,-0.086896453
2.858041334,2.865484034,2.843050077,2.855120337
-2.860844804,-2.823622417,-2.795956527,-2.704629495
-3.484559717,-3.539797983,-3.479514581,-3.476268728
12.73341495,12.73343527,12.7333609,12.73320713
-4.748064806,-4.747156767,-4.747099129,-4.747987936
-0.955245845,-0.896045978,-0.93926612,-0.902193313
-0.071848577,0.085069542,0.173508922,0.08134543
2.864929442,2.860185297,2.873774812,2.87261905
-2.882592116,-2.698135578,-2.805365248,-2.806711401
-3.589222897,-3.501299306,-3.475698586,-3.509548581
12.73343896,12.73345945,12.73347953,12.73321053
-4.747166966,-4.747149492,-4.748694755,-4.748228548
-0.855096868,-0.865854987,-0.857146867,-0.907826492
0.182187076,0.102556699,-0.02009343,0.128457883
2.88031872,2.875980853,2.854041584,2.871016886
-2.852806476,-2.936543058,-2.798917065,-2.805535196
-3.550298383,-3.50433339,-3.526362461,-3.457951981
12.73345013,12.73325779,12.73342538,12.73315225
-4.747872403,-4.747759527,-4.746880979,-4.748141264
-0.919358908,-0.903692145,-0.897363573,-0.86625718
-0.029456809,-0.035909618,0.110882571,0.146213091
2.848533577,2.865536091,2.864529422,2.855266669
-2.855091164,-2.782582293,-2.849141954,-2.652207831
-3.483094139,-3.490025095,-3.541249172,-3.418466567
12.73328364,12.7333389,12.73323172,12.73329289
-4.747967666,-4.747901249,-4.747137382,-4.747506477
-0.912509591,-0.867526232,-0.853489169,-0.878153066
0.103801959,-0.055249831,0.206694223,0.172872795
2.879072975,2.864785366,2.877815094,2.882243092
-2.762459818,-2.774488234,-2.917777964,-2.736433807
-3.538450451,-3.609996995,-3.52564486,-3.531313731
12.7330906,12.73319317,12.73298806,12.73313565
-4.74815759,-4.747903693,-4.747424374,-4.746811898
-0.854648249,-0.914738762,-0.895844151,-0.863451408
0.136807571,0.093470635,0.170741416,0.077332633
2.880849524,2.869581429,2.874479003,2.881428816
-2.735787717,-2.829572818,-2.770340168,-2.878181818
-3.58584856,-3.441813188,-3.45262397,-3.470483805
12.73290566,12.73359748,12.73336602,12.73348893
-4.747480649,-4.747566467,-4.747984463,-4.747041389
-0.880213212,-0.883849231,-0.839589646,-0.88070083
0.149388029,0.147739515,-0.05097073,0.049855607
2.857715372,2.864412621,2.870342246,2.862511036
-2.635615469,-2.751571087,-2.592968507,-2.760465068
-3.508295123,-3.637353114,-3.530847142,-3.475349379
12.73308994,12.73333221,12.73335981,12.73318436
-4.748046551,-4.74747938,-4.7459544,-4.747953721
-0.899078819,-0.838017841,-0.915601141,-0.867381176
0.159515949,-0.03440188,0.174341015,0.032998607
2.864501019,2.851792267,2.86357661,2.87213694
-2.766687687,-2.745607651,-2.643987929,-2.733240088
-3.596475744,-3.449022607,-3.54327588,-3.54175962
12.73364777,12.73343727,12.7334315,12.73339447
-4.747947888,-4.746148648,-4.747068389,-4.747592525
-0.908684911,-0.891619843,-0.920150148,-0.890637249
0.077002045,0.067779024,-0.009110218,0.019585635
2.877146018,2.879329623,2.847549562,2.87360836
-2.641692056,-2.774824442,-2.78875381,-2.685628185
-3.490606309,-3.516656391,-3.499926136,-3.452579818
12.73341566,12.73340578,12.73331949,12.73331674
-4.74718849,-4.747383184,-4.747924081,-4.746951719
-0.880141119,-0.920567425,-0.910286996,-0.881961133
0.009500513,0.091782692,-0.056419817,0.068089916
2.883171837,2.857404584,2.87330182,2.859402322
-2.732468506,-2.800437728,-2.607498268,-2.712141821
-3.496762888,-3.534276576,-3.545755878,-3.499353455
12.73341172,12.7333268,12.73306847,12.73308027
-4.747184171,-4.74758008,-4.7479692,-4.747508962
-0.866662263,-0.854448324,-0.887207635,-0.888404846
-0.035266092,0.072594111,-0.05593936,0.155841585
2.874935275,2.840634374,2.868323132,2.868658669
-2.684851411,-2.865317985,-2.789490275,-2.727520625
-3.559340558,-3.513354669,-3.585632997,-3.591717135
12.73334728,12.73359713,12.73354623,12.73361787
-4.747660575,-4.74754084,-4.747583553,-4.748145505
-0.885158523,-0.940512747,-0.878868541,-0.871157004
-0.075034144,0.022864657,-0.042310067,0.150624755
2.872743227,2.874787541,2.869557267,2.859573157
-2.757287755,-2.897474995,-2.816087554,-2.746158746
-3.57826774,-3.433352642,-3.536672711,-3.407159906
12.73356289,12.7332975,12.73342916,12.73317771
-4.747104128,-4.747578802,-4.747441459,-4.747151811
-0.887023447,-0.884646601,-0.918697054,-0.881867293
0.007655856,0.010447375,-0.098831613,0.005069216
2.865084376,2.835134792,2.872206896,2.881772146
-2.746663053,-2.712188914,-2.768075717,-2.860604086
-3.432277711,-3.436999289,-3.415557352,-3.581984906
12.7331532,12.73310415,12.73346497,12.73370318
-4.747812138,-4.746864857,-4.748346779,-4.746880882
-0.887691708,-0.875341527,-0.890927738,-0.916352605
-0.082116532,0.072843981,0.155199109,0.09829125
2.874494558,2.875916253,2.872115507,2.878165208
-2.74906389,-2.746377052,-2.552373997,-2.759866248
-3.525507721,-3.57081479,-3.465177547,-3.547709197
12.73341228,12.7334507,12.73327476,12.73340672
-4.747229393,-4.747914042,-4.747033138,-4.748223799
-0.923932165,-0.897958781,-0.862924064,-0.911556731
0.087926584,0.027661287,0.122631581,0.015449128
2.845807813,2.883072127,2.867556693,2.879488259
-2.6685366,-2.766810991,-2.57420408,-2.9255249
-3.534029782,-3.467657513,-3.398601226,-3.551681894
12.73327988,12.73344772,12.7331679,12.73341172
-4.746974085,-4.748570989,-4.74893566,-4.748499245
-0.878825563,-0.937930763,-0.900403514,-0.899010976
0.167983863,0.178056264,0.175051505,0.065378939
2.877456915,2.874494897,2.856066555,2.851124895
-2.658458052,-2.66869209,-2.781031075,-2.668568737
-3.51496805,-3.602465271,-3.466614573,-3.551884716
12.73317968,12.73322649,12.73357928,12.73332693
-4.748708148,-4.748322139,-4.746385697,-4.747379542
-0.927453086,-0.869856197,-0.894529822,-0.945952548
0.17003026,-0.036802089,0.076254635,0.071008941
2.871994368,2.854005304,2.85274869,2.865966193
-2.756146758,-2.710243929,-2.796867053,-2.652986248
-3.498874079,-3.481247113,-3.466702871,-3.468982982
12.73332689,12.73333446,12.73353044,12.73321161
-4.747595419,-4.746781579,-4.747026473,-4.748018152
-0.902883514,-0.88495161,-0.883100342,-0.90456631
0.00745096,0.107308192,-0.03806993,0.010400907
2.85943508,2.861495545,2.864505836,2.889431541
-2.72199752,-2.719972749,-2.646458139,-2.688155204
-3.453063196,-3.444238488,-3.499280399,-3.460448131
12.73362715,12.73348906,12.7331238,12.73361834
-4.746960317,-4.747598833,-4.747941165,-4.747579951
-0.878778858,-0.910578659,-0.891740326,-0.918730535
-0.002529808,0.063815651,0.16111282,-0.166941153
2.878456816,2.858618253,2.876092813,2.872249029
-2.791019197,-2.673199915,-2.652350265,-2.733500298
-3.527702336,-3.548156635,-3.486472018,-3.381199063
12.73346204,12.73340492,12.73343283,12.73345129
-4.747392983,-4.746878226,-4.748004622,-4.74753348
-0.89391224,-0.918456363,-0.888237164,-0.879003215
0.054430782,0.061176805,0.138081883,-0.018718171
2.869774794,2.883531508,2.847664216,2.903791123
-2.765214662,-2.728091143,-2.730650626,-2.782470128
-3.536119193,-3.570744521,-3.463753613,-3.449135514
12.73348877,12.73340057,12.73309164,12.73330335
-4.747403185,-4.748607696,-4.748601436,-4.748500367
-0.861276042,-0.828042985,-0.912638739,-0.872283424
0.083356638,0.179952772,0.154372289,0.152754021
2.873295315,2.895562053,2.866971456,2.864809055
-2.905828494,-2.826204056,-2.671510565,-2.714756455
-3.535291699,-3.433532803,-3.546063232,-3.54917249
12.73334559,12.73325422,12.73354317,12.73314487
-4.74733259,-4.748294512,-4.746873402,-4.74843768
-0.899398203,-0.917914656,-0.93011488,-0.931256148
-0.226098641,0.09203216,0.091457989,-0.024460455
2.866104812,2.8738901,2.871739718,2.870415228
-2.759481407,-2.782707308,-2.667251677,-2.901922899
-3.465157147,-3.437008771,-3.375570926,-3.531403301
12.73343931,12.73312616,12.73325049,12.7335315
-4.747068055,-4.748568146,-4.747994794,-4.748073967
-0.885310743,-0.886544153,-0.851464738,-0.820815839
0.07173901,0.080023845,0.201549081,0.079876024
2.88592008,2.86386363,2.866214815,2.871777256
-2.632839952,-2.714176691,-2.71944113,-2.737076138
-3.541974531,-3.462379263,-3.501887308,-3.529193145
12.7333877,12.73314523,12.73350823,12.73367691
-4.747864142,-4.746967988,-4.747239662,-4.74666363
-0.895039694,-0.910604862,-0.89438953,-0.882369409
0.17175344,0.012727308,0.143430207,0.033703771
2.875560599,2.870613954,2.876923114,2.884526134
-2.822788558,-2.771080481,-2.958188854,-2.820474756
-3.520083441,-3.516771432,-3.533983135,-3.415004478
12.7334183,12.73366053,12.73330433,12.73322533
-4.747551846,-4.747907943,-4.747411451,-4.748023509
-0.883213252,-0.930356768,-0.896557468,-0.898362843
-0.066345185,-0.051219607,0.159930521,-0.050661986
2.872661373,2.863018936,2.867496536,2.859735256
-2.66565659,-2.905600039,-2.900960982,-2.727530703
-3.492603649,-3.540440531,-3.578733495,-3.443333973
12.73342769,12.7335263,12.73341448,12.73329812
-4.747587748,-4.748756214,-4.746757117,-4.746738058
-0.895275052,-0.884455836,-0.85821902,-0.850674267
-0.149455446,0.054906009,0.093143521,0.059333224
2.859846027,2.852009049,2.867072245,2.880120584
-2.739552711,-2.806139968,-2.677942594,-2.945439171
-3.553542991,-3.586761494,-3.466810304,-3.630471581
12.73353309,12.73334912,12.73361522,12.7334278
-4.747980603,-4.747685379,-4.746529096,-4.747528583
-0.896684565,-0.875128717,-0.878990606,-0.917268602
0.022815272,0.076525126,0.063053419,0.170961592
2.84422411,2.877701485,2.846419713,2.873043743
-2.670820207,-2.625248059,-2.722002545,-2.946899655
-3.570232391,-3.511949965,-3.504726092,-3.407246326
12.73339336,12.73310425,12.73343819,12.73365481
-4.748478532,-4.747921221,-4.747440785,-4.747392682
-0.881333498,-0.861754329,-0.924064666,-0.864358503
-0.047841153,-0.070696677,-0.121813938,0.098524505
2.875699321,2.86503124,2.867413713,2.886370277
-2.852130441,-2.67651807,-2.80273997,-2.836258743
-3.450719096,-3.501289258,-3.571980999,-3.574590137
12.73308481,12.73318724,12.73321891,12.73307555
-4.748498958,-4.748242826,-4.747442823,-4.747476262
-0.884787135,-0.837019286,-0.884623536,-0.846850179
0.009161962,-0.023420149,0.223512535,0.046075345
2.872743144,2.866083823,2.848661951,2.863179462
-2.808891053,-2.740584703,-2.706111368,-2.917697239
-3.569564086,-3.490346454,-3.521102917,-3.440011336
12.73320863,12.73368281,12.73334538,12.73323594
-4.74736661,-4.748042793,-4.746591236,-4.746789043
-0.888455309,-0.88335587,-0.882622071,-0.859971911
0.114016023,0.059958133,0.086726076,0.0210721
2.876986563,2.85479646,2.868215497,2.860806678
-2.856923626,-2.803577035,-2.679727022,-2.754931098
-3.592555411,-3.506202417,-3.52549656,-3.391248726
12.73277597,12.7330627,12.73334902,12.73341075
-4.747165933,-4.747466197,-4.746865336,-4.747434499
-0.900566438,-0.862812569,-0.90307788,-0.873030461
0.137813764,0.083482741,0.109673114,-0.018507392
2.874924504,2.85950279,2.891099946,2.863477888
-2.744964159,-2.623261972,-2.623186998,-2.784200232
-3.530182986,-3.480499968,-3.5154347,-3.58320827
12.7331708,12.73345128,12.73356197,12.73324831
-4.747367821,-4.747319538,-4.747489604,-4.747016471
-0.888381815,-0.91464935,-0.897426351,-0.921240923
-0.1329397,0.134962269,0.12923082,0.230150792
2.879673707,2.867542424,2.880500952,2.886925682
-2.838397292,-2.76299529,-2.820589419,-2.702992706
-3.454722408,-3.464731066,-3.479014542,-3.580056956
12.73312918,12.73337509,12.73313868,12.73331745
-4.747139677,-4.747695638,-4.74704053,-4.748135663
-0.856467024,-0.869629857,-0.894474071,-0.856977616
0.097817516,0.04638338,0.125158156,0.086844565
2.876852266,2.880161027,2.865753285,2.889310955
-2.719448283,-2.820478366,-2.787919709,-2.925535917
-3.511088785,-3.494971275,-3.462867802,-3.606177236
12.73341612,12.73349797,12.73352325,12.73323458
-4.747856166,-4.747222666,-4.748772737,-4.7466839
-0.879746237,-0.874535771,-0.88194105,-0.87893651
0.213554738,0.046962685,0.071672448,-0.021607171
2.876157335,2.86243217,2.853931842,2.856029811
-2.762216578,-2.714793555,-2.834240878,-2.690070155
-3.540204821,-3.506066328,-3.461761383,-3.525773983
12.73350434,12.73309302,12.73333588,12.73302392
-4.747736648,-4.747411919,-4.746696606,-4.747139417
-0.887478718,-0.892491004,-0.862130964,-0.888395088
0.06639706,0.032895977,-0.031494539,0.062357624
2.88547034,2.861238667,2.855660662,2.859039274
-2.767555365,-2.767262671,-2.828237485,-2.878093531
-3.450145576,-3.528474533,-3.47860738,-3.456446095
12.73315863,12.73300449,12.73307977,12.73323394
-4.74782628,-4.748124451,-4.748359809,-4.748230834
-0.877234252,-0.899585979,-0.873736341,-0.921853769
0.091508907,0.18751057,0.075541312,0.085278554
2.865144499,2.864198437,2.884173614,2.858191203
-2.828045854,-2.844886577,-2.648940046,-2.819547889
-3.470861922,-3.415828154,-3.508029689,-3.484749458
12.73342534,12.7333604,12.733344,12.73322693
-4.74729743,-4.747091807,-4.747635265,-4.748498366
-0.945298213,-0.870710259,-0.876807617,-0.910006967
-0.019870242,0.05496328,0.072140409,0.017907289
2.874624619,2.877551672,2.866668693,2.87027071
-2.609706722,-2.730855378,-2.820210996,-2.639999605
-3.485516923,-3.443258254,-3.527734408,-3.523651517
12.73344049,12.73308166,12.73336228,12.73348796
-4.747361601,-4.746760072,-4.747575331,-4.747883367
-0.89133149,-0.899047175,-0.862097304,-0.888713372
0.143846601,0.183550964,-0.02106491,0.122021294
2.862587764,2.880773802,2.87350888,2.885888306
-2.840533308,-2.658373683,-2.736610845,-2.761520998
-3.451874851,-3.542879346,-3.483949722,-3.465487584
12.73328305,12.73333392,12.73327901,12.73343419
-4.747314273,-4.747732074,-4.747990066,-4.746939813
-0.931060828,-0.859738452,-0.858607837,-0.886515874
-0.006476842,0.072741881,0.074822016,0.047706464
2.873413899,2.87635651,2.881698128,2.865525891
-2.763250132,-2.664246178,-2.75727275,-2.954649373
-3.457737224,-3.5205229,-3.544759413,-3.503848527
12.73307554,12.73322175,12.73312268,12.73323963
-4.747392269,-4.747365841,-4.747751189,-4.747602814
-0.860722984,-0.882080463,-0.879538847,-0.801511205
0.009134081,-0.042138306,0.028372795,0.096200679
2.866564019,2.875486799,2.876248483,2.851079233
-2.822766236,-2.801888348,-2.871653732,-2.78064511
-3.457246274,-3.564269422,-3.449771415,-3.513128338
12.73335281,12.73355816,12.73330168,12.73345126
-4.747213328,-4.747384965,-4.747277714,-4.748897484
-0.874156952,-0.895167074,-0.865747042,-0.854540923
-0.007645197,-0.067853433,-0.184820409,0.128005371
2.865748997,2.868217561,2.871354659,2.851634742
-2.784368619,-2.838094427,-2.773920988,-2.770444814
-3.595968422,-3.539132732,-3.471836662,-3.470101613
12.73323315,12.73353421,12.73338891,12.73348975
-4.748142191,-4.746499132,-4.747635709,-4.748080552
-0.87583417,-0.89561942,-0.926980064,-0.881766668
-0.106013144,0.064575628,0.02516599,0.064661681
2.878051541,2.861080826,2.872308451,2.85068221
-2.843405089,-2.733243148,-2.760093393,-2.702676561
-3.361320921,-3.521359076,-3.514003404,-3.491372448
12.73322151,12.73361162,12.73355314,12.73337786
-4.748160741,-4.747862522,-4.747198165,-4.747318113
-0.888085185,-0.915400202,-0.834608487,-0.874817729
0.053508672,0.130334383,-0.08653766,-0.114912071
2.853407248,2.855167215,2.877559068,2.871599661
-2.874407561,-2.719033585,-2.885241426,-2.838624085
-3.547808651,-3.541785851,-3.490498615,-3.456952388
12.73365506,12.7333828,12.73334402,12.73325839
-4.747342452,-4.747758058,-4.746700169,-4.747529463
-0.851863929,-0.861356829,-0.889654931,-0.881672963
0.099773652,-0.109518831,0.072146355,0.087468799
2.851062002,2.8774613,2.875304871,2.863301132
-2.843842517,-2.909876399,-2.7537081,-2.744260015
-3.501060016,-3.538377473,-3.546000789,-3.449360063
12.73320871,12.73322151,12.73329451,12.73339597
-4.74718263,-4.748261266,-4.748204946,-4.746906843
-0.839204876,-0.837350043,-0.921626497,-0.876386704
0.124279592,0.016685212,-0.222519666,-0.002608513
2.868406099,2.848520576,2.860549637,2.871441186
-2.620431405,-2.666869421,-2.81409148,-2.745069979
-3.456834291,-3.501835458,-3.495439817,-3.591085753
12.73346191,12.73333493,12.73335541,12.73340405
-4.747079153,-4.748051562,-4.747611876,-4.747271914
-0.84206229,-0.854261274,-0.829143692,-0.909727095
-0.092658714,0.123004834,0.095290147,0.216859794
2.863958136,2.840976641,2.868334291,2.866740809
-2.625951564,-2.765058181,-2.776819033,-2.568589858
-3.550219158,-3.538650728,-3.589067363,-3.565210061
12.7334051,12.73315582,12.73356803,12.7332039
-4.748062736,-4.746995179,-4.748177207,-4.746998111
-0.827018433,-0.850840689,-0.902352353,-0.891762628
-0.079587876,0.160855833,0.026168379,-0.010499304
2.859042892,2.857137023,2.865373827,2.881859215
-2.78192915,-2.864016775,-2.684749232,-2.765084343
-3.517608379,-3.498630669,-3.408547612,-3.573562423
12.7336642,12.73315526,12.73345172,12.7332402
-4.747743949,-4.747774642,-4.747623465,-4.747221649
-0.889365406,-0.918805567,-0.869654548,-0.897682064
0.258335184,0.007444125,0.000453909,-0.007129631
2.889643288,2.877420238,2.892314239,2.869074882
-2.93797649,-2.900458162,-2.84704949,-2.76923596
-3.509067904,-3.576581869,-3.471300575,-3.5250448
12.73337614,12.73373219,12.73300472,12.73334895
-4.747786418,-4.74783651,-4.747659545,-4.748569332
-0.918883103,-0.882210154,-0.891424518,-0.891617945
0.103557792,0.035515342,0.089339604,0.134155891
2.874588258,2.868981251,2.858444967,2.856273678
-2.857075024,-2.841683692,-2.658051103,-2.710738454
-3.516310412,-3.447530259,-3.505282308,-3.389760219
12.73361088,12.73330187,12.73320764,12.73344723
-4.747578657,-4.747612602,-4.748919506,-4.74809348
-0.927500079,-0.910874861,-0.893776095,-0.920647199
0.146801891,0.019189915,-0.016987324,0.044128182
2.86353648,2.874479627,2.867555155,2.875339115
-2.889706271,-2.717675523,-2.669095726,-2.808185613
-3.571814475,-3.545281796,-3.575164191,-3.543830037
12.73330716,12.73354176,12.7333191,12.7333821
-4.748106777,-4.747317364,-4.747246371,-4.746744883
-0.88452436,-0.87566841,-0.875125561,-0.922269155
0.038065084,-0.064717037,0.011467807,0.121606522
2.871915501,2.85317422,2.890818828,2.870767148
-2.654628721,-2.771992362,-2.762223891,-2.714563993
-3.543415145,-3.431095228,-3.557041546,-3.611042168
12.73327711,12.73340168,12.73293141,12.73359065
-4.748659352,-4.747738667,-4.747453486,-4.748094998
-0.879176103,-0.920733532,-0.946517994,-0.865594633
0.056751945,-0.157867241,0.146946755,0.073726233
2.870739238,2.879775491,2.855313294,2.862010453
-2.828858884,-2.791048931,-2.705613673,-2.952955663
-3.407733563,-3.458548839,-3.47109738,-3.474520557
12.73354621,12.73339762,12.73334613,12.73297935
-4.747919948,-4.747587627,-4.747408966,-4.747632451
-0.907973008,-0.885374294,-0.918898195,-0.866776211
0.143963259,0.114029592,0.061706998,0.089373696
2.867820395,2.858643486,2.876464765,2.861596333
-2.899700684,-2.7989252,-2.759722554,-2.763304052
-3.47466513,-3.560256953,-3.537008038,-3.558772341
12.7332507,12.733144,12.73338118,12.73320094
-4.746491336,-4.747316186,-4.748137248,-4.748054543
-0.909103721,-0.86829477,-0.838049169,-0.823235392
0.068199399,0.064692088,0.034725136,0.092696978
2.857057946,2.870700472,2.879335964,2.872816291
-2.821251849,-2.549646627,-2.732421302,-2.734540326
-3.556759125,-3.494153303,-3.624586972,-3.566704496
12.73342438,12.73307336,12.73326633,12.7335029
-4.747069659,-4.748469897,-4.748135226,-4.747232287
-0.898323607,-0.859408859,-0.87803715,-0.882463173
0.0590148,0.10053544,0.106813919,0.199943879
2.879963735,2.883504246,2.883813287,2.852276192
-2.743347121,-2.919632297,-2.631323941,-2.813048605
-3.479962986,-3.500078058,-3.43939808,-3.646245308
12.73350982,12.73321541,12.73331319,12.73325764
-4.748037341,-4.746859201,-4.748038904,-4.747990702
-0.888685729,-0.87643701,-0.912117401,-0.904405539
0.040708972,0.092450405,-0.010624372,-0.04328718
2.873343905,2.87237126,2.871268056,2.874492201
-2.602426047,-2.95254702,-2.774126584,-2.713145465
-3.450084345,-3.600899513,-3.47167797,-3.500475944
12.73320371,12.7330336,12.73337156,12.73328556
-4.747955435,-4.747773101,-4.746646709,-4.74816722
-0.905141231,-0.933535598,-0.919181746,-0.901229764
0.189630647,-0.030809549,0.078279779,0.140200998
2.854145954,2.853286398,2.881388224,2.863831147
-2.739021758,-2.71461345,-2.771074729,-2.873302219
-3.558257032,-3.37703737,-3.494808621,-3.521825837
12.733453,12.73314808,12.73318181,12.73352659
-4.747359203,-4.748176588,-4.748220603,-4.747108101
-0.901374345,-0.866889644,-0.862556074,-0.911429889
-0.007219867,0.005150286,0.022690198,0.034461705
2.905231861,2.859588309,2.860651039,2.858050054
-2.594399343,-2.739396497,-2.709427385,-2.865495592
-3.601256193,-3.356276601,-3.444551283,-3.587788384
12.73326797,12.73328886,12.73338346,12.73307319
-4.747536849,-4.748213962,-4.748139867,-4.745236041
-0.920255544,-0.862576919,-0.9028762,-0.844491652
0.095164057,0.120733666,0.065071471,0.091779007
2.866796545,2.852532132,2.860752971,2.855039274
-2.635130948,-2.685973973,-2.760656927,-2.683380882
-3.516963086,-3.523070378,-3.466430874,-3.493272916
12.73307657,12.73337338,12.73343707,12.73337287
-4.7477727,-4.748322867,-4.747307573,-4.747492313
-0.863516193,-0.865034971,-0.885131058,-0.897753046
0.060870714,0.026428722,0.034596408,0.11248448
2.859927617,2.858651386,2.88252915,2.876770738
-3.018799596,-2.807267562,-2.778762406,-2.893931032
-3.463081156,-3.599402128,-3.49372368,-3.5044829
12.73319942,12.73369615,12.73340166,12.73316868
-4.747610182,-4.747693124,-4.748107004,-4.748054664
-0.890629195,-0.833466297,-0.850775871,-0.875772278
0.061542145,-0.036140882,-0.074881562,0.070741243
2.860537473,2.867035383,2.86512069,2.879671346
-2.811607301,-2.767281747,-2.680844282,-2.816169556
-3.465515718,-3.548223207,-3.477341347,-3.44401815
12.73319313,12.73316056,12.73337792,12.73332082
-4.747999265,-4.747518604,-4.747982355,-4.746600824
-0.892160626,-0.881229049,-0.878620276,-0.926110388
0.083362173,-0.000646482,0.093900953,-0.060506702
2.873435039,2.876925442,2.878789876,2.890609867
-2.737579343,-2.829328685,-2.861937289,-2.754130075
-3.50726719,-3.452016079,-3.517396187,-3.456949177
12.7332889,12.73330038,12.73301817,12.73315539
-4.747174283,-4.746833987,-4.748673622,-4.747622813
-0.863231874,-0.855333867,-0.877922302,-0.889244153
0.148371259,0.086145026,0.052637344,0.062687358
2.876310897,2.868939907,2.8659566,2.872577534
-2.857207173,-2.917524359,-2.723442349,-2.648138059
-3.477167211,-3.486911181,-3.548818164,-3.417656136
12.7336381,12.73318252,12.73325066,12.73339441
-4.748269989,-4.747861588,-4.747289258,-4.747033223
-0.925393156,-0.896932218,-0.907953077,-0.849800941
-0.03385934,0.059616079,0.03909033,0.057808487
2.840776879,2.86051766,2.850227249,2.878676058
-2.9433089,-2.737926169,-2.792281645,-2.70935638
-3.507393142,-3.616159066,-3.542998807,-3.439450822
12.73329865,12.73350552,12.73337573,12.73311716
-4.747551666,-4.74794599,-4.748114955,-4.747739462
-0.881772949,-0.868817908,-0.889793124,-0.922436305
-0.010437344,-0.083552637,-0.148864038,0.154005446
2.855776002,2.886834093,2.866619984,2.866767839
-2.962677419,-2.739552364,-2.755119958,-2.839936377
-3.456070413,-3.448886401,-3.524211243,-3.515823128
12.73338359,12.73361652,12.73360013,12.73347503
-4.74797375,-4.746980659,-4.747532649,-4.747449719
-0.947005354,-0.83457235,-0.895238934,-0.849812166
0.164124706,0.131535799,0.09266896,0.12134448
2.849989849,2.893158519,2.862625839,2.869424975
-2.706848551,-2.780247238,-2.673900867,-2.759137292
-3.497907608,-3.442176264,-3.619887566,-3.49236444
12.73317692,12.73317366,12.73337797,12.73332053
-4.747353606,-4.747086203,-4.747400221,-4.746566978
-0.902313589,-0.895554507,-0.902673388,-0.918290601
0.134274983,0.015638768,0.051372299,-0.007107091
2.87549606,2.86556433,2.857495254,2.873094681
-2.771931695,-2.708747643,-2.785104859,-2.743120307
-3.521473071,-3.455376589,-3.583079792,-3.619691746
12.73362317,12.73330169,12.73337902,12.73358151
-4.748021015,-4.747926434,-4.748226382,-4.747768813
-0.909008526,-0.905544934,-0.870852181,-0.872462
0.043689951,-0.032832391,-0.158681183,-0.088502154
2.860530091,2.864999952,2.856765593,2.873186183
-2.782151381,-2.882169108,-2.823280109,-2.905291125
-3.444335764,-3.56598513,-3.604684039,-3.508530397
12.73319024,12.73335783,12.73305197,12.73329772
-4.748458169,-4.747958313,-4.747565707,-4.747390517
-0.912104648,-0.88805542,-0.882674297,-0.873318582
0.050857076,0.193515244,0.156462011,0.049419614
2.850885745,2.872719657,2.87260571,2.866346111
-2.783527852,-2.802807708,-2.741694415,-2.777409901
-3.404322237,-3.456607855,-3.494223151,-3.549827235
12.73322073,12.73356979,12.73329852,12.73311487
-4.747503185,-4.747328715,-4.748307067,-4.74809053
-0.874754066,-0.851842755,-0.85485875,-0.869463701
0.255073601,-0.001873572,-0.124752083,0.142332893
2.882107765,2.885690529,2.888920874,2.876767132
-2.747711633,-2.857447057,-2.800401788,-2.824766007
-3.484076854,-3.605359314,-3.526348069,-3.483015921
12.73344827,12.73316251,12.73339082,12.73347339
-4.748012374,-4.748573853,-4.747501824,-4.74766851
-0.864336904,-0.888897192,-0.881368326,-0.894663398
-0.125223195,-0.104392843,0.205875613,0.119364351
2.870848715,2.861094608,2.871737797,2.853944057
-2.66122989,-2.67315757,-2.706207851,-2.807098193
-3.52699368,-3.441479092,-3.549700105,-3.569443332
12.73327953,12.73309646,12.73332492,12.73337333
-4.747593168,-4.747954389,-4.747894284,-4.747447767
-0.84317858,-0.859342233,-0.900643947,-0.876009522
0.141722564,0.143234421,0.103101085,-0.018906011
2.849436654,2.862054495,2.8566223,2.887154571
-2.799784146,-2.705103548,-2.685648685,-2.803302713
-3.543974265,-3.381235037,-3.47313371,-3.446045368
12.73350415,12.73320765,12.73321728,12.73343668
-4.748332626,-4.747464143,-4.748072559,-4.747380875
-0.93840188,-0.859955769,-0.872712741,-0.86731794
0.055709382,0.283701865,-0.138173782,-0.025073994
2.863424582,2.87949075,2.862600508,2.875984924
-2.737897801,-2.886598572,-2.773643634,-2.863770143
-3.454920265,-3.487638405,-3.50608104,-3.566626176
12.73357524,12.73358682,12.7335299,12.7334886
-4.747491987,-4.747291863,-4.746542854,-4.747306248
-0.923788036,-0.896150944,-0.881163944,-0.896552465
0.144203839,0.138871607,-0.15474121,0.140426009
2.884969792,2.85112781,2.866552645,2.845804986
-2.918849665,-2.717551332,-2.733463266,-2.728857485
-3.496335608,-3.540799643,-3.479737306,-3.492919901
12.73323305,12.7335354,12.73311989,12.73314016
-4.747234434,-4.747510462,-4.747282642,-4.747486407
-0.92686439,-0.892007367,-0.894256271,-0.857228236
-0.017043551,-0.081960454,0.022232644,-0.014001457
2.874848455,2.862656514,2.853654003,2.87172706
-2.581974553,-2.762888651,-2.742494054,-2.770527774
-3.427098242,-3.485990586,-3.467232434,-3.568537697
12.73341121,12.73351448,12.73343111,12.733468
-4.747889518,-4.748006279,-4.747716013,-4.748210681
-0.866137704,-0.891299188,-0.899262798,-0.902690041
0.149463474,0.005939277,0.068468132,0.107647711
2.887057582,2.870181023,2.864190544,2.867514481
-2.913085801,-2.746691035,-2.773143195,-2.757925704
-3.476211663,-3.480131181,-3.548650512,-3.515229941
12.7331458,12.73341735,12.73338608,12.73306001
-4.74745911,-4.748361998,-4.747654755,-4.747547121
-0.852953624,-0.867117689,-0.887105512,-0.871027928
0.00070989,0.10708665,0.167239484,0.089364458
2.852691872,2.859110953,2.865132019,2.873161801
-2.789549382,-2.697836748,-2.61937213,-2.739807628
-3.61648201,-3.581070183,-3.461313786,-3.539010227
12.73346039,12.73345997,12.73316098,12.73353338
-4.748714252,-4.746338288,-4.747000678,-4.747453072
-0.888762319,-0.882758484,-0.861216669,-0.907680556
0.010478998,0.093283921,0.068009216,-0.018959927
2.8686411,2.871915317,2.876772695,2.873837645
-2.667325641,-2.752154234,-2.673902839,-2.682673547
-3.492731563,-3.546085632,-3.449305119,-3.566380652
12.73363308,12.73337706,12.73344449,12.73311107
-4.746201354,-4.748065714,-4.748782309,-4.748146273
-0.882307731,-0.876703224,-0.873788127,-0.840180736
-0.009015991,0.150858344,0.073671949,0.030635146
2.86509157,2.876810673,2.889791606,2.871255002
-2.820037084,-2.832768002,-2.697189285,-2.713903712
-3.547050076,-3.424586745,-3.522078792,-3.431929187
12.73355352,12.73356638,12.73331307,12.7332579
-4.747730191,-4.748115117,-4.747102763,-4.746846343
-0.870722784,-0.909894715,-0.869831841,-0.853465304
0.062070231,0.053350836,0.11933056,0.059610894
2.88024191,2.862529144,2.871838748,2.860373114
-2.561593101,-2.750888686,-2.703698506,-2.765515041
-3.493740934,-3.422852899,-3.51516366,-3.670369747
12.73331447,12.7335461,12.73365443,12.73321595
-4.746637356,-4.747879556,-4.747089272,-4.748104327
-0.876984857,-0.847496647,-0.891611235,-0.8577341
0.037547961,0.120835827,0.029079208,0.076062122
2.869449702,2.882626773,2.846264468,2.878796393
-2.708013543,-2.747824597,-2.815297604,-2.860927019
-3.473388508,-3.550398451,-3.481565618,-3.573055192
12.73325477,12.73349056,12.73330666,12.73336039
-4.748570625,-4.747340978,-4.747120925,-4.746075483
-0.880188135,-0.90887878,-0.882838691,-0.878897839
0.161170338,0.033521669,-0.052602498,0.091753885
2.872993324,2.855915816,2.871378166,2.867867613
-2.816778185,-2.616977698,-2.763024676,-2.773675327
-3.500088774,-3.567890694,-3.414428149,-3.46861841
12.73355612,12.73324921,12.73338681,12.73332758
-4.747555342,-4.747761607,-4.747538998,-4.747699768
-0.859937866,-0.917763674,-0.848711751,-0.907469831
0.015488043,0.038042724,0.124071832,-0.022333569
2.858168667,2.869861472,2.873453855,2.87227555
-2.706038918,-2.684547763,-2.591925532,-2.844382504
-3.565693516,-3.475926109,-3.466310369,-3.411566403
12.73342278,12.7333921,12.73327552,12.73340811
-4.747262413,-4.74730191,-4.749032321,-4.746380913
-0.876464039,-0.851262788,-0.915747346,-0.849932116
0.026559396,0.07492171,0.197979428,0.152553498
2.866849435,2.873327136,2.884341673,2.887923193
-2.519097685,-2.70861545,-2.868922837,-2.69571593
-3.560628978,-3.45713605,-3.491046267,-3.450478867
12.73313141,12.73337649,12.73301111,12.73344645
-4.747852371,-4.747186554,-4.746377579,-4.747759445
-0.888043695,-0.902217136,-0.914203307,-0.835324933
0.011450934,-0.127942618,0.030190256,0.106195699
2.87086198,2.856756544,2.881003521,2.882132803
-2.906702731,-2.961948512,-2.879948595,-2.84974659
-3.444436926,-3.436907257,-3.422456381,-3.442715877
12.73338321,12.73314747,12.73337665,12.73349056
-4.746831363,-4.747000413,-4.747654503,-4.747990556
-0.887688697,-0.869091215,-0.913436731,-0.858341265
-0.108220475,-0.030306884,-0.079456395,0.062076722
2.863733325,2.86730842,2.874715646,2.871424067
-2.979776378,-2.730049888,-2.798469874,-2.824287921
-3.538637615,-3.518083478,-3.393968009,-3.511992533
12.73357055,12.73299086,12.7331578,12.7332914
-4.746988899,-4.746675649,-4.747977637,-4.747471208
-0.86136476,-0.877038268,-0.855174978,-0.905507584
0.098281037,0.102202093,0.021850802,0.143347671
2.868450681,2.866680638,2.872030809,2.896091463
-2.720924467,-2.762148358,-2.696577594,-2.674908107
-3.529398664,-3.563847875,-3.524357228,-3.585033569
12.73333484,12.73325582,12.73315004,12.73333944
-4.746727712,-4.746738389,-4.747573761,-4.747961595
-0.905410965,-0.897789644,-0.919276534,-0.943591972
0.231503538,0.099955787,-0.046224576,0.074484852
2.867076977,2.866245566,2.857794872,2.871027108
-2.806386018,-2.98923818,-2.715251476,-2.908942328
-3.525668081,-3.593708097,-3.46354899,-3.399770516
12.73343615,12.73329324,12.73349522,12.73306205
-4.747314368,-4.746050461,-4.748074721,-4.747316641
-0.887463449,-0.880790297,-0.927434987,-0.949490748
0.103947384,0.21352564,-0.129342635,-0.082480186
2.863607929,2.857182888,2.875261633,2.863029826
-2.775370143,-2.720610685,-2.618839458,-2.801946122
-3.541419669,-3.482788801,-3.427187361,-3.562485459
12.73321496,12.73316523,12.73349993,12.73335254
-4.748294252,-4.748435526,-4.747729241,-4.747402874
-0.926787227,-0.883047295,-0.91332071,-0.883535717
-0.057813543,0.015117424,0.118745606,-0.014652354
2.859837342,2.867858516,2.892756186,2.869101828
-2.711708939,-2.703467298,-2.72070309,-2.811154707
-3.419831774,-3.480920918,-3.460905841,-3.521053594
12.7332843,12.73305253,12.73341961,12.7329132
-4.746707484,-4.746367521,-4.748031936,-4.748211209
-0.882098251,-0.912687781,-0.84011569,-0.880220989
0.203811426,-0.048889863,0.048115877,-0.06798151
2.876699752,2.865003537,2.86688982,2.868279564
-2.694334951,-2.735661865,-2.703592347,-2.724993034
-3.468751161,-3.498794701,-3.529310509,-3.604577833
12.73341743,12.73310659,12.73320269,12.73327574
-4.746751964,-4.747961816,-4.747061299,-4.747233099
-0.887159787,-0.892097359,-0.865234643,-0.90403843
0.173048415,0.112427569,0.227062066,0.220323747
2.879931924,2.876507071,2.849846853,2.86715377
-2.676935072,-2.747169077,-2.714793952,-2.798641465
-3.525332463,-3.585387241,-3.460227683,-3.55319546
12.73330519,12.73345412,12.7336756,12.73334742
-4.747585596,-4.747103441,-4.748216333,-4.747848444
-0.878795113,-0.906508997,-0.855576961,-0.858166691
0.108045897,0.06999008,0.101820412,0.067538611
2.884492038,2.882938257,2.85285168,2.878416133
-2.945352407,-2.888471366,-2.744146868,-2.813639577
-3.504754431,-3.447115057,-3.538539891,-3.593019702
12.73313857,12.7335679,12.73361485,12.73343088
-4.747351575,-4.748050643,-4.747106995,-4.748094993
-0.89437438,-0.870948747,-0.878701684,-0.850331244
0.133651193,-0.014617547,0.038488487,0.001305016
2.897950568,2.852752391,2.860695328,2.859728476
-2.762704945,-2.758445935,-2.600064741,-2.726980346
-3.529989027,-3.529417601,-3.526508657,-3.455027598
12.73312792,12.73345905,12.73319177,12.73347508
-4.747296686,-4.747400413,-4.746636396,-4.747161158
-0.896166539,-0.834211415,-0.921363903,-0.91806044
0.055351885,-0.082714936,0.115510101,0.149825767
2.864729252,2.863527759,2.866581891,2.877684608
-2.817808292,-2.708486793,-2.882084667,-2.896475261
-3.517714094,-3.521301502,-3.479769539,-3.487593205
12.73314832,12.73334266,12.7332817,12.73334904
-4.748077299,-4.747186303,-4.747759725,-4.747778166
-0.847947063,-0.873809763,-0.877551386,-0.90371402
0.078165654,0.102952154,-0.013690158,0.046586766
2.858221388,2.85363029,2.890783055,2.863750224
-2.760680445,-2.794367216,-2.912509879,-2.80735706
-3.458050721,-3.447544192,-3.477578563,-3.494656747
12.73287091,12.73333119,12.73329875,12.73348895
-4.74766537,-4.74807857,-4.747884964,-4.747915612
-0.898651003,-0.883300475,-0.904476166,-0.86474412
-0.025151859,0.087726939,0.095965034,0.058039784
2.850218828,2.859562889,2.854829716,2.855348008
-2.839425554,-2.555027622,-2.529394547,-2.779393069
-3.431250643,-3.569803372,-3.529819537,-3.503505703
12.73332504,12.73315388,12.73322276,12.73309409
-4.747242617,-4.747640068,-4.747630777,-4.747683834
-0.85957715,-0.841980127,-0.875293209,-0.900865022
-0.128851728,-0.061229495,-0.015670861,0.244871742
2.87988378,2.862378467,2.883594639,2.858476742
-2.82630633,-2.752209536,-2.786739718,-2.748628483
-3.469381142,-3.616802028,-3.534502683,-3.415802177
12.73335904,12.73346485,12.73299698,12.73352548
-4.748207149,-4.747404011,-4.746631346,-4.747081565
-0.937578057,-0.837526643,-0.861575788,-0.902475473
0.014283753,-0.01002934,0.222241775,0.231383096
2.880287096,2.869461698,2.869590313,2.858492303
-2.624553917,-2.786546571,-2.766519606,-2.805444382
-3.582254981,-3.479973651,-3.494260115,-3.496445485
12.73353314,12.7330828,12.73334236,12.73327859
-4.747684769,-4.747616626,-4.747227395,-4.747450045
-0.888338083,-0.906241054,-0.95264728,-0.890718487
0.0213508,0.00330401,0.136665265,-0.00474903
2.884238271,2.895339296,2.86835842,2.848516566
-2.617312259,-2.821304459,-2.863225117,-2.809008925
-3.47820503,-3.434957055,-3.607281802,-3.574428482
12.73343737,12.73325879,12.73350278,12.73319716
-4.747826794,-4.747678687,-4.747721253,-4.747547893
-0.925488256,-0.888277324,-0.915393927,-0.890874076
0.140085996,-0.111317449,-0.00837247,0.088039386
2.871228512,2.868333971,2.872333128,2.880150446
-2.723194885,-2.71245514,-2.649004249,-2.74954578
-3.555636182,-3.418305518,-3.562501737,-3.512913034
12.73316222,12.73356046,12.73338837,12.7336021
-4.747682692,-4.746916386,-4.747427396,-4.747547892
-0.837432773,-0.922827785,-0.885070134,-0.897873108
0.05064972,0.036213458,-0.129429403,0.089212808
2.85677949,2.877997909,2.872078869,2.876041702
-2.662352582,-2.816452042,-2.795400387,-2.750525069
-3.572945013,-3.490476626,-3.551601404,-3.490351284
12.7333569,12.73312739,12.73334346,12.73330249
-4.747336916,-4.748657878,-4.747511766,-4.747166185
-0.943527132,-0.919553426,-0.909582995,-0.903585919
0.012244735,0.131479411,0.070103573,0.083604427
2.842799834,2.843847617,2.848972752,2.858825433
-2.674951145,-2.738418395,-2.663732964,-2.662075781
-3.52480633,-3.567442771,-3.522544208,-3.394802153
12.73341353,12.73334707,12.73348107,12.73343284
-4.748635277,-4.746583768,-4.746968638,-4.746561143
-0.925596214,-0.841253594,-0.87976374,-0.885635323
0.177725253,0.087986593,-0.024812849,-0.108289006
2.876484952,2.847303627,2.883965013,2.865655909
-2.755365782,-2.945797549,-2.723607441,-2.663457626
-3.513919563,-3.436646934,-3.432113772,-3.505267773
12.73328929,12.73335591,12.73339661,12.73365771
-4.747556262,-4.748078225,-4.747175816,-4.746785448
-0.907567664,-0.846848062,-0.928589564,-0.873056153
0.117574314,0.201135279,-0.015912389,-0.009168373
2.863874322,2.871245188,2.84640873,2.855446624
-2.707236792,-2.870175898,-2.743732599,-2.693001869
-3.482382474,-3.506703678,-3.522146817,-3.475771739
12.73362549,12.73339209,12.73352951,12.73365961
-4.7472847,-4.747031698,-4.747426854,-4.748127912
-0.886247664,-0.906320063,-0.858269089,-0.904276969
0.124027813,-0.109714099,0.077323608,-0.031229189
2.883794134,2.860368025,2.892934932,2.857924484
-2.76550642,-2.600303798,-2.785954555,-2.699899234
-3.503661681,-3.528094223,-3.445869199,-3.502433196
12.73361825,12.73330791,12.73329675,12.73332245
-4.747247421,-4.747651666,-4.747007739,-4.747715114
-0.897868339,-0.906324974,-0.904634763,-0.85441939
-0.001542649,0.05371033,0.017056508,-0.00789069
2.856682969,2.876472992,2.874287759,2.873700464
-2.716899602,-2.797403252,-2.83923388,-2.723866748
-3.633378778,-3.414696462,-3.511679899,-3.556416972
12.73376657,12.73338283,12.73323965,12.73357462
-4.747532757,-4.74739783,-4.74782457,-4.747966839
-0.872042521,-0.907717171,-0.875488909,-0.916958305
-0.02973624,0.058021056,0.114389593,0.075131962
2.878571165,2.886861732,2.887348773,2.874991313
-2.761663828,-2.861301591,-2.984355577,-2.711537391
-3.511805864,-3.593854471,-3.436905757,-3.473600013
12.73365145,12.7332684,12.73326568,12.73320835
-4.747957985,-4.747720284,-4.748619937,-4.747688885
-0.898351227,-0.922561863,-0.893380834,-0.868230271
0.102412481,0.149485676,-0.057559545,0.154770254
2.860860987,2.869965171,2.855799741,2.878806977
-2.552409178,-2.781513869,-2.7460577,-2.818126086
-3.456938042,-3.546825294,-3.539958174,-3.482143467
12.733129,12.73295091,12.73358821,12.73335479
-4.747622817,-4.747415918,-4.747607597,-4.74734057
-0.863131559,-0.895016572,-0.933039726,-0.892174432
-0.066767354,-0.003436881,0.117742068,0.033375858
2.876335608,2.859784499,2.868941552,2.861078444
-2.824776905,-2.8459091,-2.993965182,-2.797790204
-3.564321901,-3.575352864,-3.517637188,-3.451149764
12.73314741,12.73344155,12.73336101,12.73365671
-4.747925966,-4.74802469,-4.747909364,-4.748287727
-0.894287219,-0.925608324,-0.867912573,-0.865981132
0.06166926,0.08954813,0.022018497,0.205080828
2.853609103,2.884867877,2.851165658,2.864597909
-2.755070543,-2.753961174,-2.838501367,-2.674380182
-3.439666691,-3.461522494,-3.427815176,-3.536460468
12.73331709,12.73342157,12.73332284,12.73320475
-4.746581125,-4.747216444,-4.747827765,-4.74801613
-0.940402254,-0.927385565,-0.901958754,-0.876912226
0.011619016,-0.11066989,-0.139094944,0.122639345
2.862637986,2.868423502,2.898375541,2.854571317
-2.816331552,-2.784705787,-2.638404586,-2.769741579
-3.560313925,-3.585950077,-3.40947798,-3.568918537
12.73324774,12.7335702,12.73316161,12.73343898
-4.746822764,-4.747429224,-4.747594486,-4.748520193
-0.888574977,-0.909026609,-0.8271645,-0.910462146
0.13323679,0.136129073,-0.014694351,0.028214424
2.871265977,2.872684772,2.875537708,2.875400678
-2.69215357,-2.835518421,-2.84738552,-2.692453701
-3.453389617,-3.508817896,-3.471440592,-3.534433588
12.73374383,12.7332357,12.73369393,12.73329382
-4.74722941,-4.747774302,-4.747276205,-4.747111399
-0.86466929,-0.941336045,-0.880177052,-0.863241104
-0.005092845,0.10016052,-0.04786525,0.280348479
2.867906528,2.864082982,2.885947749,2.867369073
-2.952420454,-2.856473571,-2.755962105,-2.737558884
-3.448488183,-3.420386392,-3.468855077,-3.466463011
12.73340283,12.73333201,12.73335648,12.73332763
-4.747828383,-4.747779066,-4.747734006,-4.747174694
-0.862159131,-0.892277982,-0.936192428,-0.911138141
0.026758956,0.158069692,0.085639023,0.065590046
2.865795267,2.857994454,2.86423083,2.864406028
-2.847526897,-2.755554572,-2.812613505,-2.741292752
-3.498895304,-3.480440267,-3.450250465,-3.554869962
12.73295133,12.73358906,12.7332711,12.7333738
-4.747358089,-4.748519005,-4.747333167,-4.748343788
-0.909810637,-0.876112807,-0.87388794,-0.906193618
0.290515913,-0.052067133,0.143402826,0.019998842
2.881380772,2.895667487,2.87399754,2.859846313
-2.768302653,-2.744412924,-2.651782009,-2.689939363
-3.547386516,-3.489365944,-3.463414634,-3.498511933
12.73339448,12.73326644,12.73329643,12.73337694
-4.74766684,-4.74754479,-4.747244534,-4.748464411
-0.876443086,-0.879917784,-0.888587933,-0.912946005
0.056502879,0.237868277,-0.05330891,0.155994688
2.876492473,2.870065859,2.851209326,2.867147761
-2.80062857,-2.694837191,-2.704371748,-2.727546034
-3.391312574,-3.464058892,-3.480863891,-3.524389384
12.73380201,12.73363578,12.7332549,12.73339501
-4.747676214,-4.747317628,-4.74743674,-4.747544824
-0.881174111,-0.867644638,-0.873296785,-0.896559125
-0.004717212,0.001190522,0.132509781,-0.029964781
2.86450133,2.86563984,2.867835938,2.868134068
-2.900646999,-2.866545228,-2.682629724,-2.652436088
-3.507061716,-3.503604202,-3.472491259,-3.547343132
12.7333701,12.73291073,12.73352654,12.73324513
-4.747760279,-4.746994223,-4.748094436,-4.749031148
-0.888884475,-0.857086523,-0.887551016,-0.856091691
0.050036607,-0.035931231,0.256313591,0.029460934
2.881472616,2.863924626,2.886563766,2.876715272
-2.610342131,-2.860773623,-2.856157044,-2.750575212
-3.537364829,-3.519821645,-3.507584504,-3.499676509
12.73312026,12.73326828,12.7334819,12.73349197
-4.747302029,-4.74832311,-4.746537236,-4.747299474
-0.855104379,-0.929228181,-0.885662049,-0.870070594
0.018536489,0.053534815,0.266201365,0.180710317
2.869306405,2.853443631,2.878569643,2.888265657
-2.904898375,-2.981376703,-2.76697154,-2.725262653
-3.496936261,-3.386212079,-3.513431724,-3.54294639
12.73322186,12.73378174,12.73311681,12.7329753
-4.747113133,-4.747734939,-4.746970734,-4.747221193
-0.888388577,-0.910181413,-0.876302605,-0.889721457
0.116140632,0.022089051,-0.060527537,0.06963539
2.85985296,2.865727769,2.8592507,2.874379915
-2.722685366,-2.921026931,-2.66430117,-2.757349975
-3.552154261,-3.416628598,-3.479689903,-3.400822378
12.73330806,12.7332444,12.73333093,12.73307685
-4.74851277,-4.747488018,-4.748119448,-4.748338476
-0.890492584,-0.874103572,-0.931034563,-0.864201703
-0.003621242,0.129474303,0.065566561,0.157996765
2.872244623,2.8894751,2.875839556,2.871401891
-2.830377607,-2.821935024,-2.724440871,-2.806788221
-3.33128478,-3.641678743,-3.4724985,-3.474705013
12.73332122,12.73336626,12.73323705,12.73314796
-4.748143233,-4.747606548,-4.74692174,-4.748306682
-0.881259655,-0.850734695,-0.900763133,-0.878011337
0.010862518,0.138274651,-0.002125797,-0.012223454
2.864375797,2.882815753,2.870593966,2.879572558
-2.596111085,-2.816654755,-2.626805428,-2.811579635
-3.462215751,-3.568451483,-3.487694014,-3.58151271
12.73355781,12.73337976,12.73328892,12.73326973
-4.746687016,-4.747635062,-4.74693845,-4.746837976
-0.897423826,-0.925599001,-0.893055981,-0.91061886
0.089320786,-0.027614264,0.170024092,0.156861934
2.858702853,2.868864683,2.878347304,2.856879608
-2.943104372,-2.862051369,-2.813125634,-2.814761118
-3.489173728,-3.535473944,-3.515483254,-3.514074909
12.73345972,12.7333005,12.73345148,12.73329044
-4.746699978,-4.748338592,-4.746962309,-4.746943644
-0.886834391,-0.901678726,-0.895408215,-0.863866759
0.056731554,0.011287174,0.182510443,0.066130673
2.872954275,2.863563955,2.881151101,2.8793119
-2.850620291,-2.724229173,-2.780343789,-2.686093291
-3.434236443,-3.45332641,-3.514960988,-3.49259867
12.73326645,12.73318917,12.73319198,12.73317258
-4.747853404,-4.746555423,-4.746487238,-4.747529549
-0.823517362,-0.827695953,-0.900434302,-0.899378572
0.097519544,-0.011723172,0.047576928,0.091503952
2.865625624,2.86051071,2.859517158,2.850210494
-2.825085099,-2.579840443,-2.736632819,-2.789614686
-3.540083045,-3.49530372,-3.498789713,-3.573621606
12.73328995,12.73318588,12.73336638,12.73339015
-4.747028501,-4.746987653,-4.747593107,-4.747055165
-0.869209632,-0.884474229,-0.87910419,-0.88830899
0.220659786,0.090453529,-0.035353328,-0.003941161
2.850698721,2.869841789,2.876127797,2.870779653
-2.664799557,-2.710668134,-2.887260082,-2.716714747
-3.555605182,-3.583576459,-3.521712536,-3.547817159
12.73305958,12.73303353,12.7334867,12.73309064
-4.748065815,-4.748773929,-4.746091816,-4.747368246
-0.900777752,-0.8770293,-0.844988637,-0.894166638
-0.003700609,0.151420062,-0.012052456,0.031779626
2.874270892,2.866393011,2.854701326,2.862703979
-2.581793934,-2.790253949,-2.664965651,-2.820202172
-3.530821944,-3.494550071,-3.521695273,-3.461768348
12.73309602,12.73371872,12.73354455,12.73345468
-4.747578324,-4.748600768,-4.747642827,-4.7479414
-0.92716185,-0.892389943,-0.887953105,-0.872047308
0.136767264,0.135169134,-0.020673672,0.04310537
2.852311168,2.874327364,2.867712552,2.867923194
-2.894635632,-2.677135078,-2.718913222,-2.693725352
-3.608015681,-3.539083637,-3.531691321,-3.507232977
12.73330175,12.73337747,12.73324364,12.73357892
-4.747918822,-4.747502528,-4.747663065,-4.74784205
-0.899720571,-0.838102321,-0.824710326,-0.901724533
0.023326913,-0.090967254,-0.033173809,0.074862732
2.857555829,2.882345107,2.88196877,2.867157024
-2.938088598,-2.794086248,-2.576157333,-2.862142023
-3.508443067,-3.467899012,-3.487047593,-3.515280995
12.73333813,12.73364902,12.73342753,12.73362984
-4.747955787,-4.748320061,-4.748225153,-4.746992759
-0.847072137,-0.905274509,-0.849433907,-0.887734509
0.079922446,-0.03701152,-0.052564741,0.05351008
2.851462722,2.872221842,2.865556512,2.871135118
-2.750642178,-2.719534182,-2.737897257,-2.89071499
-3.559007051,-3.583049078,-3.452286373,-3.475727269
12.73326016,12.7332881,12.73321475,12.73339457
-4.748226398,-4.747959834,-4.747066552,-4.747599844
-0.896160852,-0.881860358,-0.885800631,-0.874403906
0.071633157,-0.001300096,0.113097103,-0.071689967
2.874016334,2.868630239,2.857728424,2.898192757
-2.825229083,-2.887053737,-2.853217732,-2.745144683
-3.526826075,-3.427100495,-3.483487722,-3.48858448
12.73356226,12.7332107,12.73335097,12.73335025
-4.747654889,-4.74731834,-4.747304595,-4.748311006
-0.911729935,-0.913922056,-0.912469871,-0.904579327
0.136633549,-0.034323021,0.215382306,0.008713851
2.845602717,2.864715591,2.847080453,2.858147529
-2.873343628,-2.879861042,-2.793327185,-2.748463611
-3.374929105,-3.506360438,-3.620978568,-3.452203885
12.73318137,12.73348444,12.73347147,12.73362968
-4.746724762,-4.747980077,-4.747197495,-4.747068444
-0.863689719,-0.836643027,-0.903586729,-0.92567193
-0.017377006,-0.102399661,0.247447837,0.096619112
2.893387676,2.861753427,2.871237656,2.863787914
-2.730871916,-2.838478128,-2.691572962,-2.739584983
-3.418288853,-3.649246553,-3.463776291,-3.462521624
12.73384991,12.73328994,12.73324962,12.73333566
-4.746768643,-4.748585309,-4.74726436,-4.747087158
-0.898089986,-0.877935637,-0.88080501,-0.867189886
0.05302316,0.136478533,0.010866386,0.00796775
2.87589801,2.859725119,2.875706796,2.858560196
-2.854446334,-2.825046824,-2.755829215,-2.776041834
-3.479552114,-3.492372144,-3.553993197,-3.445708544
12.73335617,12.73311944,12.73330587,12.7333589
-4.746439161,-4.747535478,-4.747550094,-4.746978022
-0.885375541,-0.856277967,-0.894587515,-0.933577113
0.044543857,0.058078488,-0.006035181,0.216349957
2.884532147,2.853442857,2.900535088,2.869401147
-2.760397789,-2.821455619,-2.856705701,-2.945285399
-3.567760344,-3.408893007,-3.601232459,-3.500770234
12.7332738,12.73338237,12.733666,12.73322207
-4.748286316,-4.746611467,-4.747716231,-4.746428835
-0.855285956,-0.909911845,-0.904867965,-0.857232894
0.005053309,-0.096255544,0.037979448,0.113038137
2.884121153,2.873527403,2.875301665,2.866298383
-2.879261256,-2.764376549,-2.702883917,-2.909253538
-3.509598527,-3.531841591,-3.487782823,-3.518629823
12.73345091,12.7333033,12.73348706,12.7332273
-4.746535096,-4.747017801,-4.748020598,-4.747881286
-0.898111883,-0.918932728,-0.91880796,-0.895995248
0.199567149,0.062682507,0.016071774,0.057100433
2.86388622,2.857881129,2.854032731,2.857956477
-2.585779925,-2.777709787,-2.89750993,-2.741222387
-3.429546925,-3.47685353,-3.440222467,-3.431203127
12.73347145,12.73320896,12.73333049,12.73300926
-4.7480266,-4.747667043,-4.747790582,-4.74801671
-0.882022955,-0.82115432,-0.87743064,-0.872038097
0.089046095,0.006098706,0.086073902,0.080343653
2.871160861,2.867097834,2.87328391,2.861106752
-2.807859517,-2.70964356,-2.696320727,-2.862217385
-3.565651177,-3.547816824,-3.497536576,-3.567112479
12.73319761,12.73327318,12.73345202,12.73296109
-4.746084669,-4.7469929,-4.748042601,-4.747027243
-0.873976736,-0.839691866,-0.873803895,-0.882729104
0.023843934,0.26827065,0.027311904,0.01104126
2.875188737,2.876476497,2.874143707,2.876256262
-2.742850894,-2.745943078,-2.738445528,-2.670186371
-3.391388082,-3.458645511,-3.517657663,-3.479283616
12.73324738,12.73352938,12.73324016,12.73315655
-4.747537779,-4.747206322,-4.747638215,-4.747026044
-0.859103996,-0.866010912,-0.895796027,-0.856164474
-0.185713567,0.179912108,-0.036769526,-0.106594239
2.866744369,2.8561808,2.864154644,2.874741667
-2.651611283,-2.819097044,-2.665718176,-2.654455979
-3.565311093,-3.448409121,-3.489367415,-3.408621658
12.73354492,12.73315389,12.73313584,12.73355986
-4.748173069,-4.747587196,-4.747541599,-4.747687353
-0.895237939,-0.909696738,-0.855911031,-0.884665078
-0.032269874,0.055842798,0.030866852,0.125084291
2.895951076,2.872314721,2.867824696,2.865316738
-2.653980163,-2.834022361,-2.773806657,-2.933749696
-3.490158078,-3.52588242,-3.398934994,-3.465180483
12.73352465,12.73339028,12.73337523,12.73331082
-4.748711943,-4.746680248,-4.74807076,-4.747417176
-0.892431812,-0.874177066,-0.904362756,-0.866245743
0.052070383,0.021402445,0.075095206,0.092681843
2.882257942,2.866077208,2.887760843,2.867087962
-2.944036196,-2.78776111,-2.833125708,-2.766413181
-3.471108105,-3.540305498,-3.456767339,-3.414378438
12.73325808,12.73375349,12.73347178,12.7333296
-4.746579888,-4.747168462,-4.747121362,-4.74795343
-0.935152058,-0.836143889,-0.874510604,-0.925174389
0.063514581,0.247361563,0.015920321,0.005369418
2.876778042,2.872428441,2.875117486,2.875435235
-2.784343617,-2.746275356,-2.726387072,-2.749457323
-3.585307988,-3.505978179,-3.467041639,-3.427752446
12.73355538,12.73325624,12.73341589,12.73311462
-4.746519741,-4.747799545,-4.746964604,-4.748090293
-0.869097802,-0.856109558,-0.827450152,-0.885706017
0.207384607,0.044780597,0.128901272,0.0612774
2.840651839,2.852982879,2.874468268,2.866514659
-2.735999162,-2.788075334,-2.633360714,-2.694744167
-3.397952671,-3.552125403,-3.431565156,-3.476940083
12.73339868,12.73350217,12.73354956,12.73327244
-4.747913595,-4.747429546,-4.747672753,-4.747649219
-0.878932943,-0.938053686,-0.895375727,-0.851330736
0.040294989,0.061667291,0.165758305,0.007836956
2.857779676,2.869068052,2.865321362,2.860639903
-2.843540159,-2.812416837,-2.830998001,-2.752267844
-3.544382784,-3.524224699,-3.451409847,-3.461155988
12.73327343,12.73326837,12.73344521,12.73343187
-4.747073812,-4.746994284,-4.748062639,-4.748023123
-0.889385695,-0.897204953,-0.934004163,-0.877671596
-0.007138837,0.135854298,-0.085484154,0.121759304
2.871332228,2.878077061,2.873706854,2.86752528
-2.681083695,-2.871672825,-2.932910414,-2.886589736
-3.480921632,-3.54232733,-3.487929228,-3.508159794
12.73336461,12.73336562,12.73330696,12.73317162
-4.74719086,-4.74767268,-4.748026006,-4.747046965
-0.880186628,-0.88762592,-0.877236506,-0.897721398
-0.011207455,0.026133442,0.097721029,0.079276192
2.860586903,2.891242278,2.866592831,2.856297499
-2.793078357,-2.82642167,-2.784492943,-2.762005167
-3.459385418,-3.522557504,-3.508504824,-3.510920145
12.73352797,12.73314824,12.73357172,12.73323313
-4.74706648,-4.747985376,-4.748391644,-4.746918417
-0.850384239,-0.906634766,-0.880760601,-0.861875084
0.003833502,-0.075338522,0.0716104,-0.028797533
2.871842161,2.870809205,2.854965516,2.860388417
-2.746724005,-2.748264598,-2.78082211,-2.677499165
-3.654516206,-3.528850929,-3.589766998,-3.487347471
12.73365966,12.73349857,12.73339324,12.73336592
-4.747921302,-4.748128267,-4.747604991,-4.748719725
-0.882462057,-0.883164808,-0.873264325,-0.853979647
0.091606187,0.016785065,0.161922402,0.028729359
2.865560145,2.828077924,2.873567573,2.88131281
-2.721738505,-2.802350042,-2.670519014,-2.687470591
-3.544215445,-3.537454713,-3.525598351,-3.534413646
12.73319988,12.73339952,12.73346418,12.73307401
-4.747221707,-4.746454375,-4.747755729,-4.747806071
-0.914050116,-0.939433985,-0.877991346,-0.882974888
0.028982511,-0.031146167,0.010968988,0.059075046
2.887165856,2.865543177,2.861672248,2.867191995
-2.607794403,-2.698748122,-2.932545105,-2.646317189
-3.524372649,-3.577753595,-3.494315577,-3.605325889
12.7333983,12.73344155,12.73323982,12.73335592
-4.74689906,-4.748005858,-4.747595873,-4.747992565
-0.869530765,-0.894533405,-0.884516949,-0.860631341
0.0135284,0.152998411,0.160947133,-0.038294535
2.867289659,2.864511365,2.867226631,2.851299285
-2.691427049,-2.908618586,-2.815344243,-2.717724485
-3.518937039,-3.461460777,-3.549200417,-3.540294239
12.73353049,12.73332438,12.73307621,12.73345421
-4.747568842,-4.748094273,-4.747650507,-4.747247666
-0.886370492,-0.901137993,-0.866382223,-0.916365423
0.034182893,0.050008269,0.095115511,0.19040855
2.866351117,2.842851609,2.860261082,2.850739245
-2.675082345,-2.726148177,-2.710629012,-2.70519912
-3.440769765,-3.504790195,-3.401655724,-3.575380035
12.73325673,12.73341132,12.73324459,12.73327592
-4.747510884,-4.74731301,-4.748527744,-4.748286803
-0.883289931,-0.883196267,-0.890490065,-0.847690349
0.144112424,-0.058909913,-0.016189284,0.151863805
2.881770085,2.869722004,2.874476459,2.86896387
-2.876496825,-2.813501128,-2.840062145,-2.711942119
-3.542041891,-3.461356986,-3.401505821,-3.431945161
12.73357975,12.73341461,12.73332301,12.73303585
-4.748148545,-4.747503699,-4.747821603,-4.746113392
-0.863903107,-0.914033186,-0.892161861,-0.875322641
0.034439239,0.132663289,-0.029693265,0.007271671
2.861846272,2.877524133,2.853709834,2.881415955
-2.773779747,-2.569766372,-2.593476485,-2.859270096
-3.456784173,-3.473870025,-3.494212512,-3.48711808
12.73341577,12.73348282,12.73307224,12.73333756
-4.747764609,-4.748164776,-4.747362795,-4.747315414
-0.909762619,-0.889358715,-0.92698062,-0.912766363
0.058865275,0.089770331,-0.041081852,0.054572559
2.867385512,2.845208555,2.886285894,2.874473781
-2.719599074,-2.829414146,-2.942553977,-2.68652272
-3.511291801,-3.431773027,-3.571456498,-3.457948657
12.73314487,12.73345244,12.73337757,12.73332748
-4.747755357,-4.747429303,-4.747305992,-4.747271927
-0.899601548,-0.905501728,-0.842028241,-0.917814904
0.169524067,0.046704426,0.085400586,-0.091405667
2.861464259,2.862776161,2.873118847,2.85853446
-2.873172537,-2.685992042,-2.866346434,-2.79809853
-3.525268307,-3.483755733,-3.533654025,-3.539035906
12.73317867,12.73354684,12.73335064,12.73323488
-4.747937863,-4.747309871,-4.747679256,-4.748143203
-0.833847895,-0.859780293,-0.914539713,-0.841131871
0.068146273,-0.045976674,0.167371823,0.060974386
2.872318262,2.861164194,2.861644881,2.883527805
-2.925910726,-2.776474143,-2.883681834,-2.757371427
-3.421342872,-3.570687266,-3.492096605,-3.531158102
12.73301518,12.73341463,12.73314443,12.73317747
-4.747990387,-4.746820992,-4.747145525,-4.747291458
-0.900029911,-0.858145316,-0.885456465,-0.917518012
-0.004254147,0.029563786,-0.024972673,0.042082345
2.892456488,2.858773816,2.888836632,2.868665055
-2.695494954,-2.800322055,-2.914891332,-2.772793596
-3.557341697,-3.562551865,-3.501803189,-3.525137539
12.73343875,12.73303642,12.73320526,12.73344236
-4.748834045,-4.747519346,-4.747145134,-4.748406382
-0.920377483,-0.89811403,-0.907702054,-0.940647844
0.122973133,0.105549903,-0.053686245,-0.079255255
2.863699681,2.881354094,2.86742015,2.878227845
-2.717439418,-2.847016353,-2.64945855,-2.689537353
-3.431930845,-3.451768282,-3.576549603,-3.554714032
12.73335611,12.73352897,12.73366765,12.73327969
-4.747103208,-4.747908026,-4.746721864,-4.747341732
-0.861574126,-0.850792549,-0.912286121,-0.882855245
-0.086973139,0.070789274,0.036476504,0.059513133
2.866776746,2.87298232,2.849026373,2.856093833
-2.632007181,-2.565882007,-2.674777165,-2.840885221
-3.561599807,-3.517041937,-3.554332019,-3.449743758
12.73340022,12.73359007,12.73337165,12.73338058
-4.747204353,-4.746085748,-4.747418428,-4.747464788
-0.895561633,-0.89192775,-0.917991042,-0.868462871
-0.01976079,0.10160104,-0.00497177,0.031524441
2.864497675,2.859750169,2.8563439,2.880070573
-2.694858208,-2.634909412,-2.692843371,-2.782728546
-3.466180099,-3.705612176,-3.558658991,-3.523391972
12.73344131,12.73342128,12.7331965,12.73340965
-4.746639374,-4.747654594,-4.747886341,-4.747480649
-0.880314212,-0.899194783,-0.89841575,-0.868708102
0.059488486,0.111573247,0.078690953,-0.006973537
2.882762586,2.892957913,2.904357052,2.862995909
